Record ID,First Contact Date,Year Founded
19499904089,2024-03-13,2014
19487060522,2024-03-12,2011
19052741028,2024-02-11,2011
19023745036,2024-02-08,1986
19015104835,2024-02-07,2008
19012425796,2024-02-07,1965
18808426801,2024-01-22,1965
18779217433,2024-01-19,2014
18652650352,2024-01-09,2023
18647724689,2024-01-08,2009
18643412326,2024-01-08,2016
18643187579,2024-01-08,2016
18607073401,2024-01-03,2018
18524550160,2023-12-26,2018
18430921777,2023-12-14,2018
18428126977,2023-12-14,1987
18413666872,2023-12-13,2000
18301892777,2023-12-02,2000
18186711175,2023-11-22,1870
18003361926,2023-11-08,1975
17975227691,2023-11-07,1985
17926882582,2023-11-02,1968
17874768553,2023-10-30,1985
17871974241,2023-10-30,1999
17840837181,2023-10-27,1992
17790125203,2023-10-24,1992
17789714490,2023-10-24,1953
17788351320,2023-10-24,1953
17775208736,2023-10-23,2011
17733846884,2023-10-19,2011
17666935943,2023-10-13,2021
17633267810,2023-10-10,2020
17610436631,2023-10-08,2006
17563404089,2023-10-03,2017
17536703501,2023-10-01,2002
17530809410,2023-09-30,1898
17528088461,2023-09-30,1898
17513013392,2023-09-28,1898
17513871765,2023-09-28,2004
17512851840,2023-09-28,2004
17510368356,2023-09-28,2021
17501889908,2023-09-27,1993
17423028405,2023-09-22,1861
17414313027,2023-09-21,1999
17412364584,2023-09-21,1897
17383949425,2023-09-19,1897
17371351155,2023-09-18,1897
17305258065,2023-09-12,1897
17302722333,2023-09-12,2014
17302676613,2023-09-12,1947
17302038050,2023-09-12,1947
17293097774,2023-09-11,1999
17290676311,2023-09-11,1993
17280695689,2023-09-10,1993
17276089452,2023-09-09,2021
17271206767,2023-09-08,2021
17254930456,2023-09-07,2015
17255922856,2023-09-07,2015
17241165120,2023-09-06,1999
17241138194,2023-09-06,1999
17220726096,2023-09-05,2021
17208525218,2023-09-04,2021
17175479562,2023-08-31,2021
17168716815,2023-08-31,2021
17128799549,2023-08-27,2022
17103122718,2023-08-25,1919
17103178666,2023-08-25,2004
17091112041,2023-08-24,2004
17088965287,2023-08-24,2000
17066872725,2023-08-22,2000
17065101164,2023-08-22,2017
17007776313,2023-08-18,1998
16983184683,2023-08-16,1998
16939726744,2023-08-13,1998
16778448668,2023-07-31,1998
16224761221,2023-06-25,1998
16057644400,2023-06-13,2011
15979448692,2023-06-06,2011
15961315340,2023-06-04,1902
15944676753,2023-06-02,2020
15881363844,2023-05-27,2020
15787173001,2023-05-18,1984
15786836799,2023-05-18,1954
15777363465,2023-05-17,1989
15708053067,2023-05-10,2012
15676155936,2023-05-06,2018
15675532880,2023-05-06,2018
15655554575,2023-05-04,2007
15628034448,2023-05-01,2019
15620096396,2023-04-30,1995
15611836057,2023-04-28,1995
15609483123,2023-04-28,1995
15608236122,2023-04-28,1995
15582065487,2023-04-26,1934
15581042022,2023-04-26,2000
15580939341,2023-04-26,2018
15578159130,2023-04-25,2018
15548296554,2023-04-24,2018
15529590944,2023-04-21,2002
15511184155,2023-04-19,2002
15486066461,2023-04-17,2002
15440728752,2023-04-11,2002
15429539910,2023-04-10,2002
15404116271,2023-04-06,1959
15397339677,2023-04-05,1889
15397346676,2023-04-05,2017
15396741131,2023-04-05,1636
15393788789,2023-04-05,1947
15392939264,2023-04-05,2016
15390779830,2023-04-05,2016
15384636540,2023-04-04,1989
15383733780,2023-04-04,1973
15378579633,2023-04-04,2007
15372103983,2023-04-03,2018
15366485164,2023-04-03,2018
15355329675,2023-03-31,1941
15351037760,2023-03-31,1975
15346328065,2023-03-30,1819
15308490646,2023-03-27,1819
15308228123,2023-03-27,1884
15293070672,2023-03-25,1884
15286969760,2023-03-24,1984
15286846261,2023-03-24,2012
15273624858,2023-03-23,2012
15251011120,2023-03-21,1874
15250869258,2023-03-21,2022
15231645991,2023-03-19,2022
15133022333,2023-03-14,2022
15066923412,2023-03-10,1994
15063798450,2023-03-10,1994
15036162597,2023-03-09,1994
15025561376,,1962
15025875308,,1962
15025947664,2023-03-09,1962
15027201422,2023-03-09,2016
15025981706,,2009
15001651619,2023-03-08,2009
14993749544,2023-03-07,2009
14993804172,2023-03-07,2009
14993245191,2023-03-06,2009
14993638512,2023-03-07,2009
14993688121,2023-03-02,2009
14993693306,2023-03-07,2009
14993274378,2023-03-02,2020
14993682180,2023-02-28,2020
14993602328,2023-03-07,2020
14993574532,2023-01-09,2013
14993735307,2023-02-14,2008
14993551135,2023-02-20,2008
14993633043,2023-03-01,2008
14987365648,2023-03-07,2008
14974065543,2023-03-06,1999
14945264915,2023-03-04,2020
14941570726,2023-03-03,2020
14934064528,2023-03-02,2020
14931968677,2023-03-02,2020
14922001532,2023-03-01,2020
14920276125,2023-03-01,2020
14861268632,2023-02-26,2014
14811308915,2023-02-24,1993
14786232454,2023-02-23,1993
13304264523,2023-02-14,1993
12841059409,2023-02-12,1993
12077476631,2023-02-07,1993
11583610445,2023-02-02,2011
11053007674,2023-01-26,1982
11053855580,2023-01-26,1919
11051735722,2023-01-26,1919
10928051117,2023-01-24,2018
10926282082,2023-01-24,2008
10807004712,2023-01-16,2009
10609314393,2023-01-10,2008
10606806588,2023-01-10,2012
10609326914,2023-01-10,1886
10608766044,2023-01-10,2000
10549389319,2023-01-05,1934
10460250036,2022-12-26,2017
10457505652,2022-12-26,2017
10365832733,2022-12-15,2017
10333999033,2022-12-12,2010
10292853920,2022-12-09,2010
10287582796,2022-12-08,2010
10263260066,2022-12-06,2010
10214735938,2022-11-30,1937
10212756850,2022-11-30,1937
10212756565,2020-03-30,1937
10214754618,2019-03-26,1937
10213923924,2022-11-30,2018
10204313466,2022-11-29,0
10204153374,2020-03-30,0
10204099392,2019-02-04,0
10204031580,2020-03-30,0
10203454871,2022-11-29,0
10203334444,2022-11-29,1990
10202850363,2020-03-30,1990
10202859311,2022-11-29,1996
10192986986,2022-11-28,0
10184460403,2020-01-24,0
10184433709,2020-03-30,0
10184262680,2022-01-11,0
10184541996,2021-03-05,0
10181120658,2022-11-25,0
10124657207,2022-11-18,1953
10085793366,2022-11-15,2002
10083183709,2022-11-15,2020
10022343240,2022-11-07,2013
10022467464,2022-11-07,2016
10020357472,2022-11-07,2007
9954895525,2022-12-13,2011
9939995987,2022-10-31,2020
9886675202,2022-10-24,2011
9857424672,2022-10-20,2011
9848023306,2022-10-19,2011
9791077793,2022-10-12,2019
9785483355,2022-10-11,2007
9779136861,2022-10-10,2007
9736810118,2022-10-04,2019
9717570443,2022-10-02,1976
9685393191,2022-09-28,1985
9668084630,2022-09-26,1985
9646835063,2022-09-22,1985
9623889952,2023-02-16,2013
9589130398,2022-09-14,2015
9587867153,2022-09-13,2015
9586156398,2022-09-13,2014
9578350652,2022-09-12,2014
9555992934,2022-09-08,2000
9555619696,2022-09-08,1964
9545041568,2022-09-07,2020
9537870682,2022-09-06,2020
9494786688,2022-08-30,2020
9485996134,2022-08-29,2017
9457821338,2022-08-25,1952
9442509361,2022-08-23,1985
9402113894,2022-08-17,1985
9394095940,,2008
9370460756,2022-08-12,2020
9350792070,2022-08-09,2008
9330912671,2022-08-06,2016
9313072040,2022-08-04,1980
9290265866,2023-02-23,2011
9290211089,2022-08-02,2011
9284433189,2023-02-23,2009
8973463686,,2022
8973446025,2022-06-23,2022
8918357663,2022-06-14,2020
8918158732,2022-06-14,2020
8918101171,2022-06-14,2021
8916234424,2022-06-14,2021
8909442125,2022-06-13,2021
8907953261,2022-06-13,2018
8907487800,2022-06-13,2018
8889040523,2022-06-09,2010
8886660762,2022-06-09,2014
8869447481,2022-06-07,2014
8727966383,2022-05-18,2014
8706848131,2022-05-16,2015
8646430531,2022-05-10,2015
8645726393,2022-05-10,1973
8640451901,2022-05-09,1973
8640327074,,1973
8600227715,2022-05-04,1973
8593893416,2022-05-03,2016
8592049823,2022-05-03,2016
8591247107,2022-05-03,2016
8579882031,2022-05-02,2015
8572047630,2022-04-30,1994
8558725715,2022-04-29,2016
8554124374,2022-04-28,2013
8546833759,,2009
8545441033,2022-04-27,2009
8544748211,2022-04-27,2012
8512863012,2022-04-22,1871
8507139702,2022-04-21,2021
8500822347,2022-04-20,2014
8496788579,2022-04-20,1916
8450692909,2022-04-12,2019
8428274034,2022-04-08,2008
8424657525,2022-04-08,2021
8419979297,2022-04-07,2019
8410075159,2022-04-06,1998
8353285696,2022-03-30,2019
8342221390,,2019
8305869722,2022-03-23,2019
8231314974,2022-05-03,2021
8227439177,2022-03-18,1885
8200657935,2022-03-16,1885
8126637592,2022-02-27,1885
8126165025,2022-03-08,1885
8126236323,2022-03-08,1885
8126649166,2022-04-08,1885
8126554175,2022-03-08,1885
8118959793,2022-03-07,2015
8096879942,2022-03-05,2015
8088964647,2022-03-04,2015
8088232353,2022-03-04,2012
8076585987,2022-03-03,2012
8065696182,2022-03-02,2012
8064979053,2022-03-02,2010
8061205781,2022-03-02,2010
8034727980,2022-02-28,2016
7998381922,2022-02-23,2016
7983594296,2022-02-22,2016
7948441926,2022-01-08,2016
7931734017,2022-02-16,2021
7926249068,2022-02-15,1982
7922491939,2022-02-15,1982
7896723628,2022-02-10,2020
7812349697,2022-02-02,2018
7809921341,2022-02-02,1980
7774147444,2022-01-27,2021
7773259444,2022-01-27,2013
7740099753,2022-01-25,2010
7737516073,2022-01-25,2010
7733569174,2022-01-24,2010
7730854069,,2010
7722407854,2022-01-22,2016
7719384912,2022-01-21,1978
7719016710,2022-01-21,1945
7713027752,2022-01-20,2020
7676504954,2022-01-14,2020
7676511135,2022-01-14,1754
7676433790,2022-01-14,2011
7652257921,2022-01-11,2014
7649933439,2022-05-06,2000
7649955994,2022-01-11,2010
7647206525,2022-01-11,2012
7589276757,2022-01-04,1908
7584607579,2022-01-03,2020
7582353176,2022-01-03,2014
7495830303,2021-12-16,2020
7438253374,2021-12-08,2017
7366460785,2021-11-26,2017
7281954884,2021-11-08,2017
7236656561,2021-03-08,2017
7228584766,2021-11-04,2017
7174419542,2021-10-26,2019
7163107419,2021-10-24,2017
7100427395,2021-10-12,2017
7095322140,2021-10-11,2017
7093953123,2021-10-11,1868
7089006132,2021-10-10,2018
7035331921,2021-09-09,2020
7001857412,2021-09-24,2020
6995259290,2021-09-23,2010
6992557350,2021-09-23,2010
6989669305,2021-09-22,2003
6988718399,2021-09-22,2019
6989280115,2021-09-22,2016
6987862130,2021-09-22,2008
6977749363,2021-09-21,2001
6961353601,2021-09-18,2001
6959859368,2021-09-17,2001
6959293719,2021-09-17,2019
6958768211,2021-09-17,2018
6942511520,2021-09-15,2019
6938050856,2021-09-14,2013
6938084880,2021-09-14,2017
6934328116,2021-09-13,2017
6934038312,2021-09-13,1906
6921218099,2021-09-14,1993
6916808752,2021-09-09,2020
6916874101,2021-09-09,2009
6916685616,2021-09-09,2020
6909646892,2021-09-08,2002
6863384238,2021-09-01,2002
6818164068,2021-08-26,2002
6810532223,2021-08-25,1996
6807471916,2021-08-25,1996
6805455530,2021-08-25,1977
6790192261,2021-08-23,2019
6739473005,2021-08-15,2019
6709794135,2021-08-09,1998
6682010985,2021-07-15,2017
6656098117,2020-09-09,2020
6649943851,2021-07-28,2020
6649942311,2021-07-28,2016
6619608357,2021-07-22,2016
6582979897,2021-07-15,2016
6556189811,2021-07-30,2016
6333044488,2021-06-24,2019
6289098278,2021-06-22,2009
6168551693,2021-05-31,2009
6151897621,2021-05-27,2016
6103428120,2021-05-19,2013
6062094740,2019-10-10,2007
6057517432,2022-11-26,2007
6057556592,2021-05-11,2022
6054974481,2021-03-05,2022
6024943367,2021-05-06,1965
6022290321,2021-05-06,1999
6022014525,2021-05-06,1999
6022001734,2021-05-06,1999
6021986369,2021-05-06,1984
6016222308,2020-11-13,2017
6016222307,2020-11-10,2017
6002187802,2021-05-04,2017
6002208302,2020-07-15,2017
5970760370,2021-04-29,2017
5970760369,2021-04-29,2017
5970760367,2021-04-29,2017
5970706588,2021-04-29,2017
5970760366,2021-04-29,2017
5970760365,2021-04-29,2017
5970760364,2021-04-29,2017
5970775970,2021-04-29,1995
5970744631,2020-09-26,2019
5921937770,2021-04-22,2019
5921937769,2021-04-22,1985
5921005490,2021-01-28,1985
5921703278,2021-04-22,2008
5921741587,2021-09-23,2009
5921711284,2021-04-22,1861
5921703263,2021-04-22,2016
5921703262,2021-04-22,2016
5921733164,2021-04-22,2016
5921717877,2021-04-22,2016
5921731597,2020-03-30,2016
5921731596,2021-04-22,2016
5921678390,2020-03-30,2016
5921701671,2021-04-22,2016
5921701670,2020-03-30,2010
5921717875,2021-04-22,2010
5921709658,2021-04-22,2018
5921701669,2021-04-22,2018
5880285788,2021-04-17,2018
5921843333,2019-11-01,2016
5864823580,2021-04-22,2018
5868732310,2021-04-22,2002
5864839793,2021-02-23,2002
5864836226,2021-04-22,2015
5859279149,2021-04-01,2010
5853487026,2021-04-13,2010
5810665572,2021-04-07,2010
5809895776,2021-04-07,1975
5775224662,2021-04-01,1975
5758205448,2021-03-31,2005
5721769274,2021-03-10,2005
5721789081,2021-03-05,2005
5721432881,2021-03-26,2005
5721801082,2021-03-05,2005
5721423364,2021-03-10,2005
5646792546,2020-03-30,2005
5646920489,2021-03-16,1982
5634998650,2021-04-20,2015
5608393874,2021-03-11,1999
5605414710,2021-03-11,2010
5605428655,2021-03-11,2007
5605435751,2021-03-11,2007
5605435750,2021-03-11,2001
5586544238,2021-03-09,1995
5576402738,2021-03-08,1865
5566955421,,1865
5558822706,2020-11-19,2020
5557704494,2021-03-05,2020
5557424238,2021-03-05,2020
5557424237,2021-03-05,1946
5557543811,2021-03-05,2020
5557308842,2020-03-30,2018
5556371374,2021-03-05,1984
5554328739,2021-03-05,2013
5548964757,2021-03-04,2015
5543286552,2021-03-03,2015
5531070343,2021-03-02,2015
5531099019,2021-03-02,2018
5531099018,2021-03-02,2009
5531099017,2021-03-02,2013
5465227951,2021-02-26,2013
5439986731,2020-03-30,2013
5439484455,2021-02-23,2004
5439955847,2021-02-23,2006
5439697096,2021-02-23,2006
5439955845,2021-02-23,2006
5439484451,2021-02-23,2006
5439684956,2021-02-23,2018
5439677047,2021-02-23,2018
5439484450,2021-02-23,2018
5364202860,2021-02-11,1851
5364222133,2021-01-08,1851
5364233652,2021-02-11,2015
5338847147,2020-09-08,2015
5315089598,2021-02-07,2015
5314711988,2021-02-07,2015
5312635739,2021-01-29,2015
5309694737,2021-02-05,1969
5309774535,2021-02-05,1969
5296972821,2021-02-03,1831
5288329315,2021-02-02,2009
5288362636,2021-02-02,2017
5276093596,2021-01-31,2017
5276093595,2021-01-31,1887
5276093594,2021-01-31,2014
5276045557,2021-01-31,2014
5276132747,2021-01-31,1907
5276093592,2020-03-30,2020
5275988460,2021-01-31,2013
5262743494,2020-07-09,2013
5257634894,2021-01-27,2006
5257634893,2021-01-27,1789
5257606833,2020-03-30,1789
5257612902,2021-01-27,1827
5257398383,2021-01-27,1981
5257606832,2021-01-27,2016
5257654957,2021-01-27,2011
5257654956,2021-01-27,2011
5257634890,2021-01-27,1965
5257612901,2021-01-27,1831
5257080590,2021-01-27,2015
5231902315,2021-01-23,2015
5221212548,2021-01-21,2020
5212836077,2021-01-20,2020
5208800035,2021-01-19,1952
5189596116,2021-09-16,1988
5165059354,2021-01-12,2019
5162204968,2021-01-11,2019
5121229515,2020-12-11,2000
5026096338,2020-03-30,1885
5021786355,2020-12-14,1885
4985013531,2020-12-09,1995
4984987640,2020-03-30,1995
4984987639,2020-12-09,2008
4984987638,2020-12-09,1970
4984987637,2020-12-09,1994
4985013528,2020-12-09,1962
4984987633,2020-12-09,1993
4984987632,2020-12-09,1993
4985000662,2020-12-09,1928
4985000660,2020-12-09,1995
4984987630,2020-12-09,1907
4985017707,,1971
4985000659,2020-12-09,1986
4984970312,2020-12-09,1984
4984255953,2020-12-09,1984
4984970311,2020-12-09,1984
4984987629,2020-12-09,1969
4985017706,2020-12-09,1987
4985013527,2020-12-09,1846
4984970309,2020-12-09,1846
4984987628,2020-12-09,1969
4984255951,2020-12-09,1999
4985000655,2020-12-09,1898
4985000653,2020-12-09,1898
4985017702,2020-12-09,1992
4985017701,2020-12-09,1885
4985013524,2020-12-09,1885
4984255945,,1934
4985017700,2020-12-09,1971
4984987623,2020-12-09,2007
4984255943,2020-12-09,1991
4984987621,2020-12-09,1905
4985013522,2020-12-09,1997
4984987619,2020-12-09,1997
4985000651,2020-12-09,1998
4985013521,2020-12-09,2000
4984255941,2020-12-09,2005
4962308987,2020-12-05,1987
4956525300,2020-12-04,2018
4945840967,2020-12-02,2018
4914693813,2020-11-26,1966
4837526553,2020-11-09,2003
4618100144,2020-10-12,1886
4617214940,2020-10-12,1886
4612961912,2020-09-12,2014
5921843331,2020-10-08,2014
4598300406,2020-10-08,2014
4598286810,2020-10-08,1995
4598299166,2020-10-08,1995
4559508105,2020-10-01,1996
4543491577,,1887
4537704446,2020-09-28,2019
4537514043,2020-09-28,2019
4537704445,2020-09-28,1851
4537704444,2020-09-28,1877
4537706333,2020-09-28,2016
4532100127,2020-09-25,1993
4527998753,2020-09-24,2016
4527739444,2020-09-24,2016
4527581040,2020-09-09,1900
4527690721,2020-09-24,1900
4527551189,2020-09-24,2008
4527567846,2020-09-24,1986
4527564096,2020-09-24,2016
4527403226,2021-02-23,1976
4527347423,2020-03-30,1928
4527360555,2020-09-24,1928
4527330923,2020-09-24,2019
4527323807,2020-07-08,2001
4527235711,2020-09-24,1855
4525496884,2020-09-24,1957
4521684031,2020-09-23,1957
4515026132,2020-09-22,1957
4502304430,2020-09-20,1957
4492883761,2020-09-18,2020
4489769971,2020-09-17,2018
4488750466,2020-09-17,1988
4484291714,2020-09-16,1988
4484652077,2020-09-16,1988
4467456948,2020-09-22,2020
4458431678,2020-09-09,2019
4458431661,2020-09-09,2019
4458200769,2020-09-09,2019
4456478114,2020-09-09,2016
4456418222,2020-09-09,2016
4456417351,2020-09-09,2015
4456416129,2020-09-09,2015
4452476544,2020-09-08,2015
4450595395,2020-09-08,2006
4447627691,2020-09-07,2018
4446131842,2020-09-07,2009
4436063358,2020-09-03,2018
4412081920,2020-08-29,2017
4410185518,2020-08-28,2014
4406883511,2020-08-27,1998
4406551351,2020-08-27,1998
4398530502,2020-08-26,2020
4397935945,2020-08-26,2019
4390825091,2020-08-25,2019
4387578583,2020-08-25,2012
4390797271,2020-08-25,1992
4371995285,2020-08-21,1992
4372017688,2020-08-21,2009
4372017686,2020-08-21,1879
4366974586,2020-08-20,1998
4367162697,2020-08-20,2001
4365929812,2020-03-30,2019
4366731483,2020-03-30,2019
4366502424,2020-03-30,2009
4366731485,2020-03-30,2009
4365929811,2020-03-30,2009
4366540032,2020-03-30,2017
4366502425,2020-03-30,2017
4366603896,2020-03-30,2017
4366573208,2020-03-30,2017
4366582796,2020-03-30,2017
4366573206,2020-03-30,2017
4366582797,2020-03-30,2017
4366598121,2020-03-30,2017
4366558897,2020-03-30,2017
4366603895,2020-03-30,2017
4366044216,2020-03-30,2017
4366597571,2020-03-30,2017
4366558370,2020-03-30,2017
4366582266,2020-03-30,2017
4366484097,2020-03-30,2017
4365929271,2020-03-30,2005
4363779834,2020-08-19,1873
4363750243,2019-10-26,1868
4363749498,2020-08-19,1857
4363798881,2020-08-19,1965
4363798878,2020-08-19,1897
4363779662,2020-08-19,1949
4363779602,2020-08-19,1960
4363779576,2020-08-19,2002
4363165248,2020-08-19,1974
4339307130,2020-08-17,2019
4339312372,2020-08-17,2018
4339305835,2020-08-17,2018
4339578751,2020-08-17,2012
4339565370,2020-03-30,2012
4339560575,2020-08-17,2012
4339555167,2020-08-17,2012
4339527230,2020-08-17,2016
4339574680,2020-07-15,2016
4339574679,2020-07-15,2013
5920753778,2020-07-15,2019
4339569951,2020-07-15,2019
4337427275,2020-08-17,2007
4313308756,2020-08-12,2007
4292539093,2020-08-08,2006
4292547239,2020-08-08,2013
4290844069,2020-03-30,2016
4310189425,2020-03-30,2014
4290496370,2020-08-07,2015
4290532012,2020-03-30,2015
4310189424,2020-03-30,2015
4309323374,2020-03-30,2015
4290530017,2020-03-30,2019
4290530016,2020-03-30,2019
4290530014,2020-03-30,2019
4310345750,2020-03-30,2019
4290383269,2020-03-30,2019
4290751675,2020-03-30,2019
4290034521,2020-03-30,2019
4290024515,2020-03-30,2019
4290547098,2020-03-30,2019
4290393293,2020-03-30,2019
4290345371,2021-03-16,2014
4289653257,2021-03-16,2014
4290415387,2020-03-30,2015
4290415339,2020-03-30,2015
4284366696,2020-08-06,1995
4273200650,2020-03-30,1995
4268601768,2020-08-03,2000
4252428907,2021-04-22,2006
4251255305,2020-03-30,2006
4239559282,2020-07-29,2012
4238755655,2020-07-29,2014
4238712853,2020-07-29,1965
4238745866,2020-07-29,1983
4237620487,2020-07-29,2017
4238386943,2020-07-29,2017
4237620463,2020-07-29,2019
4237620457,2020-07-29,2019
4238391654,2020-07-29,2007
4238386883,2020-07-29,2013
4231170622,2020-09-28,2013
4230000758,2020-07-28,1953
4227596732,2020-07-27,2010
4204103579,2020-07-22,2010
4187065621,2020-07-19,2010
4177317681,2020-07-16,2019
4177001204,2020-07-16,2017
4173283642,2020-07-15,2017
4173315013,2020-07-15,2000
4173283527,2020-07-15,2017
4173344561,2020-07-15,1996
4173261841,2020-07-15,2019
4173283405,2020-07-15,2015
4173283371,2020-07-15,2005
4173344423,2020-07-15,2010
4173198697,2020-07-15,2018
4171477789,2021-03-16,2011
4171452484,2020-07-15,2012
4171512256,2020-07-15,2013
4171542431,2020-07-15,2013
4171549057,2020-07-15,2018
4171477788,2020-07-15,2017
4171512253,2020-07-15,2017
4171542430,2021-03-11,2011
4171549056,2020-07-15,2012
4171477786,2020-07-15,2013
4171462871,2020-03-30,2009
4171512252,2020-03-30,2009
4171542429,2020-07-15,2020
4171462870,2020-07-15,2017
4171462544,2020-03-30,2018
4171536783,2020-07-15,2018
4170647193,2020-07-15,1993
4167335701,2020-07-14,1972
4167085025,2020-07-14,2017
4162289176,2020-07-13,2011
4162299697,2020-03-05,2013
4162299696,2020-07-13,1901
4162299695,2020-07-13,2014
4161239797,2020-07-13,1968
4161236771,2020-07-13,2006
4141729428,2020-07-09,2020
4141766562,2020-07-09,2003
4141745215,2020-03-30,2003
4141729427,2020-03-30,1884
4141766561,2020-07-09,1884
4141745213,2020-07-09,2012
4141398862,2020-07-09,2012
4082935454,2020-06-29,2010
3966844521,2023-04-19,2010
3874326217,2020-03-30,2010
3873513876,2019-02-19,2010
3872930696,2020-06-08,2010
3385548018,2020-04-17,1985
3318726985,2020-04-04,1858
3309424389,2020-04-02,1994
3289667488,2020-03-30,2013
3289667485,2020-03-30,2013
3289667483,2020-03-30,1952
3289672583,2020-03-30,2007
3289672581,2020-03-30,2007
3289672580,2020-03-30,2007
3289672575,2020-03-30,2007
3289672574,,2007
3289672573,2021-02-23,1983
3289731401,2020-03-30,1983
3289731400,2020-03-30,1947
3289731399,2020-03-30,1947
3289731398,2020-03-30,1977
3289731395,2020-03-30,1977
3289731394,2020-03-30,2001
3289731393,2020-03-30,2001
3289221920,2020-03-30,2014
3289221919,2020-03-30,2008
3289221917,2020-03-30,2011
3289221916,2023-01-27,2002
3289667479,2020-03-30,2003
3289667478,2020-03-30,1864
3289605165,2020-03-30,1864
3289605162,2020-03-30,1997
3289605161,2020-03-30,1997
3290211288,2020-03-30,2000
3290211287,2020-03-30,2000
3290211286,2020-03-30,2000
3290211285,2020-03-30,1975
3289667469,2020-03-30,1975
3289667468,2020-03-30,2015
3289667467,2020-03-30,2015
3289667464,2020-03-30,1973
3289667463,2020-03-30,1973
3289667462,2020-08-19,1960
3289667458,2020-12-09,1983
3289667455,2020-03-30,2018
3289667452,2020-03-30,2009
3289667450,2020-03-30,2013
3289667449,2020-03-30,2013
3289667448,2020-03-30,2007
3289667447,2020-03-30,1996
3289667445,2020-03-30,1910
3289731390,2020-03-30,2016
3289731388,2020-03-30,2016
3289731386,2020-03-30,1996
3289731384,2020-03-30,2001
3289731373,2020-03-30,1968
3289731368,2020-03-30,2006
3289221912,2020-03-30,2003
3289731364,2020-03-30,2003
3289731363,2020-03-30,2013
3289221910,2020-03-30,2008
3289731360,2021-03-16,2015
3290211284,2020-03-30,1855
3289731358,2020-03-30,1919
3289221905,2020-03-30,1949
3289221904,2020-03-30,2008
3289221903,2020-03-30,1899
3289731356,2020-03-30,1899
3289221901,2020-03-30,1980
3289731355,2020-03-30,1980
3289221899,2020-03-30,1988
3289731353,2020-03-30,1987
3289731352,2020-03-30,1984
3290211280,2020-03-30,1997
3290211279,,1997
3289605156,2020-03-30,1997
3289221896,2020-03-30,1997
3289605155,2020-03-30,1961
3289605154,2020-03-30,1949
3289221895,2020-03-30,1994
3289605153,2020-03-30,2019
3290211275,2020-03-30,1948
3290211273,2020-03-30,1998
3290211272,2020-03-30,1998
3289731351,2020-09-18,1972
3289221894,2020-03-30,1972
3289731348,2020-03-30,1972
3289221891,2019-01-08,1850
3289731347,2020-03-30,1976
3289731345,2020-03-30,1976
3289731344,2020-03-30,2008
3290211269,2020-03-30,2008
3289605144,2020-03-30,1975
3290211266,2020-03-30,1985
3289731341,2020-03-30,2007
3290211265,2020-03-30,2013
3289221884,2020-03-30,1972
3289731340,2020-03-30,1983
3289731339,2020-03-30,1983
3289605140,2020-03-30,1891
3289221882,2020-03-30,1967
3289221881,2020-03-30,2014
3290211264,2020-03-30,2014
3289672571,2020-03-30,2014
3289605138,2020-03-30,1973
3290211263,2020-03-30,1991
3290211262,2020-03-30,1974
3290211261,2020-03-30,1974
3289605137,2020-03-30,2008
3289672570,,2001
3289731336,2020-03-30,2020
3289731334,2020-03-30,2009
3289221878,2020-03-30,2009
3290211260,2020-03-30,1950
3289731333,2020-03-30,1950
3290211256,2020-03-30,1983
3290211255,2020-03-30,1960
3289605134,2020-03-30,1960
3289731332,2020-03-30,1960
3289672568,2020-03-30,2013
3289605133,2020-03-30,2013
3289672566,2020-03-30,2013
3289221875,2020-03-30,2013
3289221874,2020-03-30,2013
3289221873,2019-01-03,2013
3289605132,2020-03-30,2013
3289605131,2020-03-30,1886
3289605128,2020-03-30,2005
3289605127,2020-03-30,2005
3290211254,2020-03-30,1847
3289731329,2020-03-30,2015
3290211253,2020-03-30,1960
3289672559,2020-03-30,1986
3289605126,2020-03-30,1993
3289731327,2020-03-30,2014
3289731326,2020-03-30,2011
3290211248,2020-03-30,1977
3290211246,2020-03-30,1977
3289221867,2020-03-30,1984
3289221866,2020-03-30,1978
3289672558,2020-03-30,1947
3289672557,2020-03-30,2004
3289605123,2020-03-30,2004
3289731323,2020-03-30,2004
3289672554,2020-03-30,2004
3289605122,2020-03-30,2004
3289221864,2020-03-30,2012
3289605121,2020-03-30,2012
3289221861,2020-03-30,1995
3289605120,2020-03-30,1995
3289221860,2020-03-30,1903
3289605119,2020-03-30,1998
3289605117,2020-03-30,1999
3289221859,2020-03-30,2015
3289672548,2020-03-30,2015
3289672547,2020-03-30,2015
3289731321,2020-03-30,2015
3289731320,2020-03-30,2015
3289731319,2020-03-30,2015
3289672543,2020-03-30,2006
3289731317,2020-03-30,2006
3289731316,2020-03-30,1946
3289731314,2020-03-30,1977
3289672540,2020-03-30,1977
3289221851,2020-03-30,1977
3289605110,2020-03-30,1989
3289605107,2020-03-30,1989
3289605106,2020-03-30,1989
3289221849,2020-03-30,1967
3289672539,2020-03-30,1993
3289672532,2020-03-30,2014
3289221847,2020-03-30,2014
3289221841,2022-01-11,1957
3289221840,2020-03-30,2014
3289221838,2020-03-30,1983
3289672531,2020-03-30,1968
3289672530,2020-03-30,1968
3289672527,2020-03-30,2001
3289672526,2020-03-30,2011
3289672525,2020-03-30,2011
3289672522,2020-01-23,1982
3289672521,2020-03-30,1982
3289672520,2020-03-30,1999
3289672518,2020-03-30,1946
3289672517,2020-03-30,1946
3289672515,2020-03-30,1984
3289672511,2020-03-30,2008
3289672508,2021-03-16,2008
3289672504,2020-03-30,2008
3289667442,2021-03-16,2008
3289667440,2020-03-30,2011
3289667438,2021-02-23,2004
3289667435,2020-03-30,1996
3289667429,2020-03-30,1994
3289667428,2020-03-30,2016
3289667424,2020-03-30,2017
3289667421,,2001
3289667420,2020-03-30,2001
3289667418,2020-07-15,2001
3289667417,2020-03-30,2001
3289667415,2020-03-30,2001
3289667414,2020-03-30,1990
3289667413,2020-03-30,2014
3289667412,2020-03-30,2014
3289667410,2020-03-30,1976
3289667409,2020-07-15,1999
3289667405,2020-03-30,1997
3289667404,2020-12-28,1851
3289667398,2020-03-30,1851
3289667396,2020-03-30,1941
3289667395,2020-03-30,1977
3289605102,2020-03-30,2011
3289605101,2020-03-30,1963
3289605099,2020-03-30,2016
3290211238,2020-03-30,2017
3289605098,2020-03-30,2017
3289605095,2020-03-30,2015
3289605093,2020-03-30,2015
3289605091,2020-03-30,2015
3290211233,2020-03-30,2020
3289605087,2020-03-30,2020
3290211228,2020-03-30,2004
3290211226,2020-03-30,2004
3290211225,2021-03-16,2004
3290211223,2020-03-30,2004
3289605082,2020-03-30,2004
3289605081,2020-09-28,2008
3289605078,2020-03-30,2008
3289605077,2020-03-30,2004
3289605076,2020-03-30,1850
3290211221,2020-03-30,1983
3290211219,2020-03-30,1983
3290211218,2020-03-30,1934
3290211212,2020-03-30,1934
3289221835,2020-03-30,2010
3289221830,2020-03-30,2013
3289221828,2020-03-30,1993
3289221827,2020-03-30,1970
3289221822,2020-03-30,1970
3289221819,2020-03-30,1972
3289221817,2020-01-15,1972
3289221816,2020-03-30,1899
3289672503,2020-03-30,2000
3289221812,,2019
3289221811,2020-03-30,2019
3289221807,2020-03-30,2013
3289221805,2020-03-30,2021
3289672499,2020-03-30,1998
3289672497,2020-03-30,1963
3289731309,2020-03-30,1941
3289672495,2020-08-19,1957
3289672494,2020-03-30,1930
3289731306,2020-03-30,2009
3289672488,2020-03-30,2009
3289672486,2020-03-30,2009
3289672485,2020-03-30,2009
3289731303,2020-03-30,1957
3289731298,2019-03-06,1994
3289731297,2020-03-30,1993
3289672476,2020-03-30,2011
3289672474,2020-03-30,2011
3289672473,2020-03-30,2019
3289672472,2021-07-06,1996
3289672470,2020-03-30,1972
3289667393,2020-03-30,1800
3289667392,2020-03-30,1994
3290211204,2020-03-30,1984
3289731288,2020-03-30,2018
3289731287,2020-03-30,2018
3289731286,2020-12-09,1852
3289731284,2020-03-30,1852
3289667388,2020-03-30,1994
3289667387,2020-03-30,2016
3290211202,2020-03-30,1961
3289605075,2020-03-30,2012
3290211200,2020-03-30,2004
3290211198,2020-03-30,2004
3289667385,2020-03-30,2019
3289667382,2020-03-30,1963
3290211193,2020-09-22,1936
3289667377,2020-03-30,1936
3289605068,2020-03-30,1936
3289605067,2020-03-30,2001
3290211192,2020-03-30,2009
3290211191,2020-03-30,2012
3290211190,2020-03-30,1962
3289605063,2020-03-30,1990
3289605062,2020-03-30,1941
3290211189,2020-03-30,1941
3290211188,2020-03-30,1941
3290211187,2020-03-30,1919
3289667376,2020-03-30,1919
3290211186,2020-03-30,1919
3289667371,2020-03-30,1891
3289605061,2020-03-30,1891
3289667367,2020-03-30,1891
3290211185,2020-03-30,1891
3290211183,2020-03-30,1971
3289605058,2020-03-30,2016
3289221803,2020-03-30,2012
3289605056,2020-03-30,2012
3289605054,2020-03-30,1954
3289605053,2020-03-30,2012
3289221801,2020-03-30,1933
3290211182,2020-03-30,1974
3290211176,2020-03-30,1974
3290211175,2020-03-30,1974
3290211173,2020-03-30,2011
3289221798,2020-03-30,2014
3289605050,2020-03-30,1895
3289605049,2020-03-30,1895
3289221794,2020-03-30,2018
3289605048,2020-03-30,2018
3289605047,2020-03-30,1982
3289605045,2020-03-30,2002
3289605044,2020-03-30,2002
3289221792,2020-03-30,2005
3289221790,2020-03-30,2005
5921853291,2020-03-30,2019
3289221787,2020-03-30,2019
3289221781,2020-03-30,1998
3289221777,2020-03-30,1998
3289221776,2020-03-30,1998
3289221775,2020-03-30,1961
3289221774,2020-03-30,2013
3289221773,2020-03-30,1996
3289221772,2020-03-30,1996
3289221771,2020-03-30,1898
3289221769,2020-07-13,2004
3289221768,2020-03-30,1996
3289672466,2020-03-30,1996
3289672464,2020-03-30,1996
3289672463,2020-03-30,2013
3289672461,2020-03-30,1957
3289672460,2020-12-09,1991
3289672458,2020-03-30,1929
3289672456,2020-03-30,1929
3289672455,2020-03-30,1961
3289672453,2020-03-30,1961
3289672452,2020-03-30,1868
3289731282,2020-03-30,2011
3289731280,2020-03-30,2014
3289731277,2020-03-30,2015
3289731276,2020-03-30,1915
3289731275,2020-03-30,2017
3289731274,2020-03-30,1930
3289731273,2020-03-30,2007
3289605040,2020-03-30,2007
3289605039,2020-03-30,2013
3289731269,2020-07-15,2013
3289731268,2020-03-30,2005
3289731267,2020-03-30,2005
3289731266,2020-03-30,2018
3289731265,2020-03-30,2018
3289731264,2020-03-30,1990
3289605037,2020-03-30,1853
3289605035,2020-03-30,1853
3289605034,2020-03-30,1951
3289605032,2020-03-30,1951
3289605030,2020-09-26,1951
3289605029,2020-03-30,1995
3290211171,2020-03-30,2015
3290211169,2020-03-30,2015
3290211168,2020-03-30,2015
3290211166,2020-03-30,2016
3289221767,2020-03-30,2009
3289221762,2020-03-30,2009
3289672449,2020-03-30,2009
3289221760,2020-03-30,1887
3289672447,2020-03-30,2012
3289221759,2020-03-30,2012
3289672445,2020-03-30,1983
3289672443,2020-03-30,2013
3289221756,2020-03-30,1992
3289667365,2020-03-30,2000
3289731261,2020-03-30,2011
3289731260,2020-03-30,1957
3290211165,2020-03-30,1957
3290211161,2020-03-30,1957
3289605028,2020-03-30,2019
3289605027,2020-03-30,2013
3289605021,2020-03-30,1997
3289672439,2020-03-30,1997
3289642178,2020-03-30,1889
3289643644,2020-03-30,1994
3289643642,2020-03-30,2014
3289220044,2020-03-30,2013
3288569928,2020-03-30,2013
3288569926,2020-03-30,2013
3289642176,2020-03-30,2013
3289148022,2020-03-30,2013
3289643639,2020-03-30,2010
3289643638,2020-03-30,2010
3289220043,2020-03-30,2010
3289206296,2020-03-30,2010
3289220037,2020-03-30,2010
3288569925,2020-03-30,2010
3289148019,2020-03-30,2016
3289148018,2020-03-30,2016
3289642174,2020-03-30,2013
3289643637,2020-03-30,2011
3289220036,2020-03-30,2003
3289206294,2020-03-30,2017
3289642171,2020-03-30,1911
3288569924,2020-03-30,2015
3289643636,2020-03-30,2015
3289643635,2020-03-30,2015
3289643634,2020-03-30,2009
3289643633,2020-03-30,2009
3289220030,2020-03-30,2009
3289148016,2020-03-30,2009
3289148015,2020-03-30,2009
3288569922,2021-03-16,2016
3288569920,2020-03-30,2016
3288569919,2020-03-30,2016
3288569917,2020-03-30,2016
3289643631,2021-03-16,2016
3289643630,2020-03-30,2017
3289643629,2020-03-30,2017
3289643628,2020-03-30,2008
3289643627,2020-03-30,2008
3289642168,2020-03-30,2008
3289642167,2020-03-30,2010
4290759611,2020-03-30,2010
3289148012,2020-03-30,2010
3289148011,2020-03-30,2010
3289148008,2020-03-30,2010
3289206289,2020-03-30,2007
3289206288,2020-03-30,2011
4289835404,2020-03-30,2011
3289220029,2020-03-30,2011
3289220028,2020-07-13,2012
3289220027,2020-03-30,2012
3288569914,2020-03-30,1927
3288569913,2020-03-30,1927
3289643624,2020-03-30,1927
3289643623,2020-03-30,2014
3289643622,2020-03-30,1999
3289643621,2020-03-30,1900
3289642163,2020-03-30,1900
3289642162,2020-03-30,2015
3289642160,2020-03-30,1966
3289642159,2020-03-30,1966
3289148007,2020-03-30,1966
3289148004,2020-03-30,2017
3289148003,2020-03-30,1915
3289220025,2020-03-30,1975
3289220024,2020-03-30,2012
3289643620,2020-03-30,2012
3289643619,2020-07-13,2000
3288569912,2020-03-30,1962
3289148001,2020-03-30,1918
3280281930,2020-03-27,1918
3258446576,2020-03-24,1993
3250981109,2020-03-23,2003
3216148775,2020-03-18,2006
3196021421,2020-03-30,1975
3158612633,2020-03-10,1975
3153019929,2020-03-09,2012
3147604768,2020-03-30,2012
3141504017,2020-03-06,2018
3140085078,2020-03-06,1949
3139549952,2020-03-05,2015
3124635181,2020-03-30,1950
3101819899,2020-02-28,1954
3087068110,2020-02-26,1916
3077584663,2020-02-25,2014
3075768328,2021-03-08,2014
3066350383,2020-12-09,1993
3059624015,2020-02-21,1999
3034262792,2020-02-18,1982
3006861961,2020-02-13,1946
3001368926,2020-03-30,1999
2999802169,2020-02-12,2003
2999752117,2020-02-12,1905
2999751022,2020-02-12,2000
2952320557,2020-02-06,1869
2937995247,2020-03-30,2008
2914758431,2020-01-30,1992
2912563226,2020-01-30,1992
2908578334,2020-03-30,1992
2902084869,2020-03-30,1992
2902084867,2020-03-30,2017
2901142148,2020-03-30,1927
2900591104,2020-01-28,1982
2889777558,2020-03-30,1982
2887786114,,2001
2874657569,2020-01-22,1925
2871999204,2020-03-30,1868
2863472026,2020-01-21,1989
2863208184,2020-01-21,1997
2850261215,2020-01-17,1997
2848457661,2020-01-17,1927
2830791638,2020-01-14,1984
2830692963,2022-10-18,1997
2825152705,2020-01-13,1999
2816047004,2020-01-10,1963
2816267345,2020-01-10,1982
2811326592,2020-01-13,2014
2810510219,2022-05-09,1926
2809576200,2020-01-09,1992
2805635844,2020-01-08,1909
2804676660,2020-01-08,1909
2792711966,2020-01-06,1890
2790396182,2020-01-05,1880
2775856686,2020-03-30,2017
2766884337,2019-12-31,2017
2731165127,2019-12-17,2002
2723484479,2019-12-16,2002
2703948675,2019-12-11,2002
2684137672,2020-03-30,1974
2663025069,2019-12-03,2011
2630208464,2019-11-26,1969
2617435865,2019-11-22,2000
2616700416,2019-11-22,1999
2616672803,2019-11-22,1905
2614288529,2020-03-30,2014
2599055733,2019-11-18,2015
2596208308,2019-11-17,2015
2572724829,2019-11-11,1995
2569808352,2019-11-09,1995
2554987082,2019-11-04,2009
2550172229,2019-11-01,2009
2547842916,,2017
2545793713,2020-03-30,2018
2539515664,2019-10-29,1971
2536441689,2019-10-28,1984
2536048494,2019-10-28,1905
2520509874,2019-10-22,2014
2502611364,2019-10-16,2015
2502568465,2019-10-16,2004
2485294408,2019-10-29,1993
2482423641,2022-04-06,1975
2473149734,2019-10-05,2017
2472238751,2019-10-04,1919
2217260107,,2001
2214930068,2019-07-17,2018
2213143732,2019-07-16,2018
2204285291,2019-07-13,1982
2205345556,2019-07-13,1994
2202841046,2019-07-12,2012
2190332139,2019-07-09,1970
2188876341,2019-07-08,2009
2182140021,2019-07-05,2015
2145703112,2019-06-24,1982
2120017498,2019-06-20,2002
2109491179,2019-06-17,1966
2079295071,2020-03-30,2016
2069158898,2019-05-30,1951
2063267508,2019-05-29,1951
2061253075,2019-05-28,1951
2061209004,2019-05-28,2003
2061223955,2019-11-21,1881
2061149837,2019-05-28,2010
2044482628,2019-10-21,1987
2043686623,2020-03-30,1926
2043010428,2020-03-30,2018
2037484309,2019-12-10,2017
2033333748,2019-05-16,2009
2033115401,2019-05-16,1900
2005628178,2019-05-13,1977
1964484675,2019-05-10,1995
1962893993,2019-05-15,2003
1929112386,2019-05-07,2001
1894215103,2020-03-30,2012
1886689172,2020-03-30,1945
1873930873,2020-03-30,2011
1866494803,2019-04-29,1921
1859302973,2019-04-26,2009
1859223002,2020-01-31,1885
1859204305,2020-03-30,2005
1859132546,2019-04-26,1997
1842123364,2019-04-24,2011
1841963992,2019-10-28,1967
1840221118,2019-04-24,1984
1830821915,2019-04-22,2012
1823541025,2019-04-18,1999
1821879122,2019-04-18,1919
1820484203,2020-03-30,1876
1820412637,2020-03-30,1876
1794484842,2019-04-08,1955
1791938189,2019-04-06,1955
1791689471,2019-04-06,1929
1790136472,2019-04-05,1995
1784688208,,1995
1781490768,2019-04-02,2005
1776380381,2019-04-01,2010
1776297642,2019-04-01,2012
1770857711,,2012
1762248476,2019-03-25,2009
1760974731,2020-03-30,2001
1760830043,2020-03-30,1924
1759601437,2020-03-30,1989
1759195038,2020-03-30,1904
1759189736,2020-03-30,2012
1759158990,,2012
1758591594,2019-03-23,2005
1758486129,2020-03-30,1983
1756441307,2019-03-21,1871
1756347057,2019-03-21,1864
1756260222,2019-03-21,1864
1756215457,2019-03-21,1998
1752589833,2019-03-20,1911
1749722090,2020-01-10,1911
1748996178,2019-03-19,1997
1747179471,2020-03-30,1997
1746001312,2019-03-18,2001
1743932554,2019-03-16,2010
1743110025,2019-03-15,1999
1741050026,2022-05-12,1982
1734079207,2020-03-30,1881
1728123902,2022-11-29,1868
1711158579,2021-01-31,1880
1711157460,2019-03-07,1967
1711140288,2019-03-07,1908
1704874192,2020-03-30,2015
1704866612,2020-03-30,2016
1704687134,2020-03-30,2017
1703036334,2020-03-30,2016
1700475834,2019-01-04,2006
1666631361,2020-03-30,1875
1665322317,2020-02-03,1979
1553447883,2020-03-30,1982
1457446312,2019-02-22,1874
1454283730,2019-10-15,2015
1422571724,2019-02-20,2017
1416450502,2019-02-19,1998
1413101303,2019-05-04,1868
1412197708,2020-03-30,1868
1331540964,2019-02-15,2010
1321748465,2019-02-14,1872
1256932974,2020-03-30,1975
1256832364,2019-02-11,2013
1255699990,2019-04-24,1817
1254242095,2019-02-11,1972
1249206184,2020-02-07,1972
1243688862,2019-02-07,1989
1243603921,2019-04-23,1988
1238808326,2019-04-05,2012
1238247746,2020-03-30,2013
1233578068,2019-02-04,2006
1201907439,2020-03-30,1866
1179077007,2019-01-25,1991
1169379829,2019-01-21,1993
1164772802,2019-01-17,1993
1164205953,2019-01-17,2000
1164609479,2019-01-17,1978
1161187960,2019-01-17,1999
1160407905,2019-10-22,1965
1159807880,2020-02-25,2004
1157715757,2019-01-14,1800
1152291529,2019-01-10,1800
1151935724,2019-01-10,2005
1153447552,2020-07-23,1913
1149635805,2019-01-09,1958
1145112630,2019-03-08,1958
1144914921,2019-01-08,2015
1144092765,2019-01-07,2019
1136689891,2020-03-30,1890
1134929773,2020-03-30,2007
1134591165,2021-01-31,1973
1125508444,2018-12-13,2006
1120549107,2018-12-20,1985
1119216393,2018-12-19,2023
1118873707,2019-02-12,1981
1118784382,2018-12-19,1949
1118971921,2020-03-30,1850
1118973832,2020-01-23,2003
1117006171,2019-07-16,1953
1115076097,2020-03-30,1953
1115294148,2022-02-18,1995
1115323497,2018-12-17,1993
1115073459,2018-12-17,1953
1115301548,2020-03-30,2001
1115301439,2018-12-17,2001
1115291859,2020-01-15,1983
1111551122,2018-12-14,1983
1110737399,2018-12-13,1999
1108169745,2020-03-30,1852
1106267942,2018-12-12,1864
1106225015,2019-12-31,1976
1105558227,2019-11-19,1947
1105028266,2018-12-11,2003
1104911385,2020-03-30,1964
1104266344,2022-04-12,2006
1103323086,2020-03-30,2006
1100725526,2018-12-07,1908
1100834400,2020-03-30,2017
1100106460,2018-12-07,1965
1099282703,2020-03-30,1999
1098834512,2018-12-06,1967
1097549479,2020-03-30,1920
1097079756,2020-03-30,1920
1097195979,2018-12-13,2008
1096967400,2018-12-05,2009
1094717963,2019-07-16,1994
1094775841,2018-12-04,1911
1094492193,2018-12-04,1927
1094233047,2018-12-04,2012
1093290416,2023-02-23,2004
1092396028,2019-11-21,1959
1090068343,2018-12-01,1994
1090067310,2018-12-01,1862
1078373124,2018-11-24,2006
